"original_index","V2","V3","V4","V5","V6","V7","V8","V9","V10"
1,-0.0586334392498575,-1.28935241592766,-1.38629436111989,-1.09133952933903,-0.11186108026092,-1.5928764038451,-0.691938721198377,-1.34938980418444,-0.641090818603892
11,-0.0833816089390529,-1.25276296849537,-0.871838969303323,-1.19852319955837,-1.1236583205942,-0.665597228791716,-1.03889305396649,-0.907557051905401,-0.703958096664162
13,0.164228958007799,-0.0603805109889076,-0.825121344735862,-0.228935872018714,0.434940926241118,0.840406034349283,0.00207684394483929,-0.514139628456028,0.0273413456043209
14,-0.0369435151916844,0.331645195872897,-1.50527142676888,-1.71978596960297,-0.806139787893696,-1.9512720921967,-2.24504710048186,-2.02488883818548,-2.31407793632029
18,0.0368836134305544,-1.07322305466329,-0.948631177077576,-0.683350041314962,0.531464255012214,-2.06823694266697,-1.82643447596589,-2.20216438361457,-1.85560136895118
21,-0.137959444140256,0.641262345190934,-2.55534489305276,-1.58790598010062,-0.127596657104708,-2.84635322882255,-2.84738327183208,-0.794357082491458,-2.79163691721048
23,-0.0140189211793308,-0.734627781680664,-1.57740074746958,-1.73321601361544,-1.14234768217592,-1.57252981723498,-1.90438762911236,-2.12148631770974,-1.8369952381111
24,-0.0106952891167478,-0.649184057138829,-2.46985972129818,1.03609193168678,-0.865563208364497,-1.49888672830421,-1.99145216950223,-1.2593973383258,-1.91523449192466
31,-0.115831815525122,0.320374434137324,-0.146603474191875,-1.66861670109564,-0.17277319192526,-1.70793280830594,-2.00106502554726,-1.32816798669715,-2.05614597907631
37,0.00472814119594678,1.71900011494562,-1.85053258153574,-0.383206637507221,-0.787599359453634,-2.30729098403146,-2.19407496843332,-1.18588568583479,-2.39014663308161
39,-0.0360104375230321,-1.35583515363518,-2.4339057103214,-1.05547279600749,-0.500775287912489,-0.171148256195829,-0.262364264467491,-1.58377816565352,0.146954412956664
40,0.0222231367847131,-2.37771295304851,-3.01316190868927,-2.42936296260279,-1.20616819488937,-2.59410594175299,-2.88055572815851,-1.28215410186729,-2.8879267689031
54,-0.0448505661653512,-0.866766353281138,0.0762273653878845,0.151605501563509,-1.08009324090087,-1.66302215856821,-0.631662096909264,-0.646190197472174,-0.690084391029399
62,0.287682072451779,-1.80483155079541,-3.48648944522184,0.360441426734209,-1.98100146886658,-1.29328416590101,-0.878752812555091,-2.31954570830109,-0.793230639116927
63,-0.0240975515790614,-1.84248349592244,-1.4008224616828,0.332577392359671,-1.20932431308394,-0.568634232687363,-0.871395411966265,-1.31686585468813,-0.844506511749933
73,-0.0308666479805273,0.327111793861649,-1.75829020978865,0.795377803208843,-0.00625002034517062,-1.15350411623563,-1.6819772568152,-1.64515599503618,-1.42774311843095
76,-0.0713766628422278,-1.89017468095264,-1.78777381229785,0.174239744324041,-1.46265856547316,-1.77207616655465,-2.07973982654409,-1.31713100118312,-2.10506509051013
81,-0.0406376457318257,-2.33254648073453,-2.0926033911971,-0.51725651409628,-2.54958916977383,-1.35231335292675,-1.79329438894614,-2.43813058499027,-1.75896964640506
83,-0.0329700192375694,-0.799066199443683,-2.57648548197947,0.112211990606928,0.514556971378848,-1.65636414316547,-2.45417863542022,-2.0315239017783,-2.43723318031864
87,-0.117783035656387,-2.54335024565808,-3.34109345759245,-0.882389180198477,-0.234193387500798,-2.0949457282158,-2.8258332367586,0.0425596144187955,-2.53237318702693
91,0.0240448742540031,-1.66243601630673,-2.0008376831754,-0.388767805484556,-1.00272598901492,-0.892245857620152,-1.31872750108998,-1.43220060115642,-1.04614366097622
100,0,-1.80539711299159,-1.93735089565964,-1.75805382312651,-1.04711961236384,-0.772315380088549,-0.747064869119662,-2.20977179338831,-0.777550994142494
103,-0.0550597771830266,-1.69440317239603,-2.62000913464456,-2.10275262054828,0.163629423781802,-1.19449406037139,-1.69093094668528,-2.77317817112216,-1.91858604478076
107,0.0118813278867542,0.677521862656866,-2.43719857711169,0.0442728236779887,-1.87964535436262,-1.00225168859913,-1.79241542202297,-2.25253429203617,-1.50407739677627
108,0.0204088716312081,0.295569437284948,-0.899312395339737,0.375612144958483,-1.30111784703037,-0.19514581953018,-0.169899036795397,-1.34417382464448,0.557933701752438
119,0.0975250201338782,-1.70071745397226,-0.188936795912674,-0.104917939859497,-0.896629687474998,-1.27030727814628,-2.22725104616865,-2.36435429638281,-2.12854771154
121,0.0729067708080867,-1.42021761394899,0.521296923633286,0.287682072451781,-1.02196369871403,-0.632766669571038,-0.880231682058453,0.570745199047266,-0.950088111457446
129,0.0188329483330913,-0.580713616900059,-2.40094353934162,-2.63022311341421,-0.597277142571733,-0.486655262838178,-0.865782675061307,-1.24741822033649,-0.711631995234049
131,-0.177681177237451,-0.262364264467491,-1.03555415270097,-0.870828357797398,-2.44908755198305,-2.08911680720325,-2.67606252560881,-2.62023041663121,-2.48768057667073
133,-0.151451622858094,-2.15183533207591,-1.6891903022075,-1.53639371872797,-2.05678106102323,1.44456326924387,0.910021118860561,0.289780709108702,0.827577449649485
138,0.115069329784782,-1.67669013944327,-3.40119738166216,-2.40380662006143,-1.90469988040865,-3.0086914181965,-3.66467585237305,-4.02573981416327,-4.04228820026605
139,0.0612436252407178,-1.57826394512931,-0.916290731874155,-2.659012481541,0.030153038170687,-0.702999477002957,-0.188900527891998,-0.155564107624406,0.0665206823415622
141,0.0591570308477658,3.30897765956538,-1.52787098018675,-0.196150644945,-1.26720498954945,0.488449475036488,1.02805406335252,-0.798377139392728,1.2566871069515
143,0.124172833755154,-0.72757937698143,0.83184811487801,-1.25790592341015,0.0236316045332766,-1.17423564223017,-1.65183827850476,-0.57973356595653,-1.6166306661012
146,0.0775582343458742,-1.66742517008445,-2.6715719924998,0.206491917721769,-3.13322038028971,0.75470507355938,-1.75114475007386,0.144249608844548,-1.70203069926192
148,-0.0284716740813112,-1.23349655635805,-0.946865456152245,-2.36689795690399,-1.05432460846699,-1.7405295080683,-1.9893074733533,-0.404261014043359,-2.14197557322034
154,-0.201421728167371,-2.34940558940043,-0.507514362462334,-1.06214260888672,-0.174022753979259,-0.713597791031235,-1.12041151701069,-2.11595675465493,-1.15745278869104
156,0.109698917256423,-0.536468054379329,-1.74675002789853,-0.872940291000542,-0.597837000755622,-1.46433706812676,-2.45301829642117,-0.897941593205959,-2.58701513005945
157,0.00506330195654531,0.833919734441027,-0.385056236476957,-1.16220339144964,-0.708185057924486,-0.0540672212702763,-0.798507696217773,-2.02628580162955,-0.586663700157496
159,0.0452565915881228,-0.076633226020915,0.43692837756395,0.649850374806623,-1.5302797691703,-1.57706098370964,-2.70153937608993,-1.9940378820783,-2.31664507856234
160,-0.0118344576470028,-0.588668110529925,-1.85642199061379,-1.50407739677627,-1.145132304303,0.196710294246053,0.423483613610843,-2.13819700407357,0.802041268799082
170,0,-2.10216979275739,-1.10370784109471,-0.503905180921418,-1.44579145998454,0.394036412284541,0.281316678584703,-2.33203229432035,0.312246979276062
175,-0.138836444854217,-0.644091023570752,-1.99267191496335,1.28519824424852,-0.96203675366236,-1.35385908536674,-2.11407420900405,-2.42837382245579,-2.92092847835683
179,0.0133335308694669,1.35371819068528,0.0133335308694669,-1.53093926594745,0.0336732151065893,-2.68527627645366,-1.84756794115594,-0.857650894037105,-2.20601584274739
186,0.00843886864586372,0.154150679827257,-0.214704682668346,-0.875118535984536,0.530628251062169,-1.6570268752579,-1.81117755508516,-2.27877444430033,-2.08101593192894
187,0.044233254976825,-2.26086124962265,-0.988611393453782,-1.29840847598533,0.67409898558925,-1.18455471846883,-1.71171676155452,-2.41049044473106,-1.61423408469759
192,-0.0404913613547368,-0.174022753979259,-0.597837000755621,1.96257720154052,0.109040372616226,-2.68209646304879,-2.24998603128277,-2.57033849714896,-2.50670587813058
198,0.0870113769896299,-0.394291807510038,-1.11514159061932,-1.91077631133337,-1.50961757715189,0.443686320928362,-0.139761942375157,-1.69101789942652,-0.405465108108164
199,0.0645385211375712,-0.931179344367906,-1.54623183653031,-1.34807314829969,-0.44227908123088,-0.349776202247575,-0.512074843166422,-2.33789190682619,-0.839679629502314
200,-0.00226500663085246,0.21692708597143,0.208511889046145,1.09183260168273,-1.78873145783041,-0.322773392263051,-1.87892830421609,2.32784475975328,-2.11041932216531
205,0.0461411559978553,1.28785428830664,0.145347806081304,0.489827476926219,-0.222612906568406,-1.27931154586579,-2.08901099269599,-1.24094655503859,-2.07811440147177
207,-0.0588405000229325,-0.435318071257846,1.19392246847243,0.361013345537331,-2.75024499028228,-1.54260720395165,-2.84620053958303,-1.92990980770887,-2.56572605652971
219,-0.0567528165924491,-2.3825154978992,-2.02795614278684,-1.98125313616375,1.74192709548018,-0.0601951607834209,-0.755059079962422,-0.634914768120358,0.0876751672562879
220,-0.0531098253139477,-2.47577416622473,-1.68471403320531,-1.69478123232303,0.246133069538909,1.06289420606603,2.62103882411256,1.36827585561721,2.90872089656437
221,0.031252543504102,-1.62470538456489,-1.9611776211861,0.878550403891303,-2.53978326001384,-2.16773414882552,-3.33659048211846,-1.89172082020811,-3.25691240526027
224,0.149035579160487,-2.52480514108732,-2.11347129026615,-2.37918994534635,-0.0228146777661709,-1.00739628039645,-1.77690611252307,1.03889305396649,-1.45143366329085
226,-0.0345713440650888,-1.44721453488173,-0.915285201372136,-0.484347498498165,1.26795313398934,-2.63329777445689,-2.79064087757113,-1.72420131821676,-2.62240837465762
227,0.0357180826020797,-1.82098566958693,-0.890394387570575,0.0253820732714172,-1.12010071879731,-0.456758402495714,-0.985517494135182,-1.30812958827055,-0.908743526238772
228,-0.0170944333592988,-1.02406213211629,-1.14630716247613,-1.17865499634165,-0.364403621310391,-1.20741514851691,-2.50622941925682,-2.46824563418208,-2.54146622535627
229,0,1.02823149190631,0.909370289029581,0.335084311346364,-0.619306266760061,0.54496666771919,2.13659995551978,-0.807839023646657,2.05204256749172
231,-0.02531780798429,-0.646278246568407,-0.572613111531671,0.128832871842968,-0.0430173850836904,0.291351801340743,0.16273442351865,-0.481838086892738,0.497484006828417
233,-0.284387176554929,-0.267747857550964,-0.812877636500725,-0.610909082322974,-1.46126349119273,-2.52397271760599,-2.06841607166813,-2.2951010166791,-2.75711880046765
235,-0.0312525435041019,-2.15028455245495,-2.60210162309283,0.211309093667204,0.741937344729377,-1.10388934576895,-2.77556049262894,-2.38042757975798,-2.4499098077509
241,0.0287101058824311,-0.00235571369245926,-0.0186921330121529,-0.0683637428093901,-1.65552901963437,0.060772038342094,-0.402315499205268,0.980829253011727,-0.922872796069796
242,-0.00230149698827972,2.60730863130068,1.67859537942796,0.420555353831754,-1.49533473373612,-1.62996314837883,-1.3845647556152,0.229500117069045,-1.12812634918127
249,0.0224728558520581,-0.834518133740805,-0.0919374953256855,0,-0.60411355818955,0.169076330043932,-0.754207437321194,1.26768861871204,-0.718742727748911
254,0.0940289496482768,0.127444946568121,-0.168696390829637,0.0392207131532826,0.535340189529577,-0.718464988544235,-1.79389394175669,-1.50786887051254,-1.49453533964307
268,0,-2.70805020110222,-1.94591014905533,0,-0.287682072451816,-0.510825623765963,-2.87167962488403,-6.19508543193334,-2.56494935746155
271,0.0115164420615589,2.16714712209894,-0.455103089199936,1.13752770491778,-1.54316761273506,-1.59560218058145,-2.48522466537344,2.47730205040279,-2.04744656827474
274,0.0195605258544942,-0.116436959265222,0.112650948920506,-0.378469603766153,-0.638407147584278,0.280444405151551,0.140125204472754,-0.1356477955309,0.109944587322763
278,-0.0397403286495134,1.04596855518269,0.566395474920807,0.0273989741881178,1.413693335308,-1.16399504793096,-2.82202218009495,-1.38629436111989,-2.5126707873908
279,-0.0289875368732498,-0.257829109302099,0.555946059046466,1.22377543162212,-0.323787077093896,-0.989978447665312,-2.42558326432953,0.141970261270392,-2.69422964548357
285,0.0283305066262262,-1.70169620787576,-1.73820939126971,-0.940574485855765,0.0084151969252845,-0.429385291825816,-1.97772119578533,-1.12071263566878,-1.69453871310686
286,-0.0692444121749849,-0.6228056912017,0.317039637081336,-0.0223889948934784,-0.549320384074324,0,-0.722889149758684,0.455765846582964,-1.52276952978843
294,0.0403880609052887,-1.38837552732371,0.571667283022237,-0.782759339249632,-1.14541635486591,-0.09909090264423,-0.99016058044061,-0.588943403029942,-0.777028664540647
295,0.00211193320314289,-0.424964333159599,-0.678269116533766,-0.253889637476519,1.12425471928145,-0.239050123613745,-0.825359137711351,-2.01208611727115,-1.00814269497552
301,-0.0763729787845741,0.303682413798222,1.05209227303321,-0.971860583028966,0.82894872171901,-1.82812711339893,-3.39322921201298,0.00796816964917776,-3.14202906291624
303,0.0326826474303584,-0.314646434090137,-1.17394443848045,-0.549922658729764,-0.662124284547952,0.841953112228321,-1.3741631973868,-1.29017999952715,-1.80770877063573
305,0.0340665545636065,0.747214401830222,1.7869861904754,-0.450679356419333,-1.35222780655628,0.72721373512355,2.39789527279838,-1.90403382813765,2.85742760217682
307,0,-2.0222831278399,-5.02388052084629,0.405465108108164,-0.287682072451781,-1.63141681915289,-0.847297860387224,-4.00733318523248,-0.200670695462177
317,0.0374751111665461,2.85647020622049,-1.21903126820014,0.557893134623976,-1.45513396415685,-1.69529920304049,-1.73945739840068,-0.21065206342018,-1.97822313804586
321,-0.149409087254676,1.00390433712649,-1.93417329743293,-0.743722778171168,-0.553605964374845,-0.043203263008899,0.0268472500361887,0.221489291218183,-0.417896712450309
324,0.0155847310166983,1.29756624551121,-1.64984745077198,-0.102779869064333,-0.926547232041343,-2.71796650735559,-2.04802534544646,-0.558141948317121,-2.11923207659343
327,-0.0953101798043238,-2.15820137554048,-1.22050210627715,1.860752340715,-1.75209421283562,-3.6675423167258,-1.17694413193802,-1.25276296849537,-0.959775843813893
329,-0.0262788844638413,-1.30865261498389,-2.32018085488443,-0.754815462238028,-1.47607556722778,0.089704618585273,-1.09861228866811,-2.23938689610018,-1.11620805055849
332,-0.111225635110226,-3.3632307837383,-4.50339799582466,-2.72361471764332,0,-1.10836846361347,-2.61782510950948,0.530628251062173,-2.58066236312609
335,0,-0.902867711542015,-3.3603753871419,0.836248024200622,-0.0327898228229949,-1.02961941718116,-1.64222773525709,-4.68367324747603,-1.48160454092421
339,0.0816780310142646,-3.30631194824162,-0.935708817731258,-1.54463791920719,1.01405490064004,1.29276830310906,1.91692261218207,-2.8497993691136,2.32238772029022
340,-0.0996786821903956,4.25703014449924,-0.952456008342225,-0.533789388375524,1.64696035175719,-0.327937334171376,0.101276954148453,1.22207715779192,-0.0306858107034432
343,0.11962296257839,-1.65542302567592,-0.606135803570314,-2.78295150927533,-0.355203273327275,0.807260487327366,1.95082416385775,-1.94730972940974,2.09924416897602
344,0,-2.19722457733621,-3.96924314575803,0.182321556793978,-3.2210955816065,-2.84620053958302,-3.86772274653156,-2.29701404794458,-3.83705996695468
347,0.212921997242673,-2.24912651446928,-1.23100147671386,-0.713486864797068,-0.410020924644026,-0.699973145630346,-1.76162972777603,-3.48229327532035,-1.81209915346518
348,0.018018505502678,-0.90431454082744,-1.29113297976834,1.65822807660354,-2.65089178726226,-1.27296567581289,-1.83353339147369,-2.63137483344324,-1.77575912788161
354,0.0136676387286636,-0.76093268697418,-1.56974650028413,1.17132895624957,0.210776895676998,-0.874714305028415,-1.60399325288587,-2.06175206472335,-1.49447893965434
355,-0.0659579677917965,-2.2270775404859,-2.92022472104584,-3.83061573079281,1.07613943281607,-0.464305608131096,-0.420502985472703,-2.94324209093259,-1.5676684995578
359,-0.0487901641694382,1.04982212449867,-2.41591377830105,0.916290731874134,0.916290731874134,-4.54912879510447,-4.42484663185681,-2.94706710157271,-4.56642935767166
360,-0.0168780377873513,-1.44416174344044,-1.00655921009346,0.569236385922405,1.26993077211773,-0.818935910021685,-1.61537768382188,-0.61115221385833,-1.60303447539889
363,0.0238106486937164,0.0118344576469993,-2.09693469912736,1.55227949859414,0.614009860001221,-2.97792764892049,-2.78573719508329,-1.1103083284313,-2.90722244824802
366,-0.0069686693160941,-1.84950046391757,-2.01350344018784,-1.99560376303775,0,-3.15088145571084,-2.90732131620994,-2.53713191069221,-2.73654477599683
367,-0.0745686954975102,-1.11778220477583,-2.67925239954876,-2.31731478613903,-0.345646612897255,-2.71405364966493,-2.37954613413017,-2.38312395547806,-2.25569634579155
371,0.00275103337188913,-1.02351763661194,-1.26988400927548,-0.121439346859494,0.265942085815375,1.14356367653038,2.06851247114765,0.0594234204708,2.04700626592668
378,0.00760459938521723,-0.430404056455418,1.88706964903238,0.416893803931785,-1.13822142676316,-1.49051786699064,-2.8630663072059,2.24374459297111,-2.86479491610652
380,0.0273989741881143,-1.79521848339985,0.971860583028966,-1.2771150593597,0.670535734173398,-0.979529031790973,-1.02604904742587,-1.94233977930002,-1.0647824241497
385,0.0148150857851407,-0.00975617494536469,0.993987337589236,1.09861228866811,-0.491522871511462,0.442922670643065,-2.12583621523514,-0.209322995695578,-2.0470601321768
387,-0.0454623740767536,0.264692554227082,-2.0823443013378,0.583146285345612,-1.39785518352097,-0.110000895214333,-0.170625517030767,-2.25495704400479,-0.150822889734585
391,-0.0663344738203418,-0.969705667793064,-1.46087630437025,-0.238947216487335,0.152676840208958,-1.58207581072253,-1.84594312526588,-1.84033890744581,-1.77727453630669
393,0.0182375875497808,-0.171215940381446,-1.36958934091989,-0.743084133845884,-0.851591555261903,-0.155870370706786,-1.71996577720931,-1.24238225244081,-1.71888644628964
399,0.0277795641070752,0.368486104867077,-1.36844188583509,-1.97230369916085,-0.998648986314336,-0.0225743220385392,-0.297903626523319,-1.95855008399113,-0.258140393351306
413,0.0359012915065446,-1.21499496000098,-1.67994097801628,-1.50379748074925,1.64013085883351,-1.18541373598341,-1.86538753735337,-2.25009792700485,-1.7090894677307
419,-0.0194180858570957,-3.59596835499711,-4.07653993758859,-4.25936037191846,0.987386653557894,-0.58996294432471,-0.693147180559941,-3.09282339772931,-0.510825623765986
421,-0.0022446698538242,0.835384093261354,-0.637705732076087,-0.386560953469012,-0.120525837525489,-0.271826700661987,-0.622145872969055,-1.97220661122766,-0.656529817321722
428,-0.0540672212702743,-2.1367928381513,-1.23272221761192,-1.8929446134754,0.613104472886407,-2.01952196639856,-2.59442517559449,-3.1602457404168,-2.5871372724369
436,-0.0162605208717789,-1.2929290102207,-2.00391389896667,-1.27933876707898,0.309782419452448,-2.46000909816627,-0.816379820983893,-2.45439110586205,-0.75666058628227
443,0,-1.4041519785199,-1.91718754793669,-1.39971738145203,-0.978574460624636,-1.39153585571073,-0.771108722029657,0.195014383592373,-0.793087628748432
448,0,-3.00855296198305,-2.31008378908517,-2.70948286610371,-0.52999553987371,-3.19361315735427,-1.14072377401824,-1.63281836107816,-1.22945188962692
449,-0.0229895182246997,-0.671994805554719,-1.164603242886,-1.87786604424295,0.258650239771119,-2.2312639317475,-2.53848415508375,-2.22424635908886,-2.61722606795803
455,0.010282866955583,2.01746384140394,1.01288050238411,-0.41648683901236,-0.624336974157071,-1.73835509538511,-0.968606521238316,0.827044003482704,-0.939047718996772
456,-0.0125787822068601,-0.152340724582018,-0.0493927553295759,0.29757614609698,-0.928869514081014,-0.198366546977301,-0.25225163547228,-0.913755876270966,-0.11166968485109
457,0.0370412716803459,-2.40776377393913,-2.5508646175798,-1.46072695590266,0.318453731118531,-0.151549898127206,-0.597837000755624,-2.94730567964852,-0.525266307920789
459,0,-0.592051063688581,-2.05510944102031,-3.23565730183021,0,-0.784954729813072,-0.175890666463672,-0.836248024200622,-0.207639364778243
466,-0.03663413317978,0.809066282778266,-1.61835327609205,-1.10933404086225,-0.393788578446329,0.0856554445784936,-0.282069335546824,-0.291406471542763,-0.302497158236921
467,0.0721962912044894,-1.73547863332946,0.361662485449772,-0.971457113182862,0.228131092825249,-0.513806251904128,-1.45710978302435,-0.698109969902073,-1.30199301288913
468,0.0769610411361327,-0.384674338439088,-2.00081244344301,0.334006144126018,-0.384674338439088,-0.105360515657825,0.482426149244294,-1.42859674081058,0.424157241120319
470,0,-0.858558265205583,-0.109619725017222,0.795801334620028,-0.320668571448087,0.0892311337279432,-0.61386637768517,-0.00607904607638055,-0.542040643113914
477,-0.0226253995179788,-0.124624567473101,1.03007718784605,-0.072799499608515,-0.0556316959861492,0.420450979335968,-0.599665990748793,-0.48251089859813,-0.574219325087629
478,-0.0321743570278557,0.152789209228938,-0.400913438893445,0.0764162304443634,0.734877853016419,-0.947937245131507,-2.099003716925,0.69587569521315,-2.08555361503675
479,-0.0354804400154093,-0.829074121430752,-0.901280215787935,-0.71987482946576,0.0182237389564519,-0.989818077580159,-1.83050255487828,-1.09181724553528,-1.84344771947032
484,0.0218417419150475,-1.33970085660016,-2.44556247222318,-0.532804530484767,0.477438607733252,-0.843321712007565,-2.01572572729373,-0.831297519040763,-1.96382629356217
492,0.00470589103741316,-0.943156636712556,-1.0554401168029,-2.47665675031586,0.168335314819215,-1.82409484987099,-2.38846124056501,-1.71197755175029,-2.4868609204901
497,0,-0.534676839588171,-1.13251384034379,-0.612385823915487,0.456304784887573,-2.44795347875931,-2.43179682447405,-1.85238409104449,-2.36239802645423
505,-0.00433840159859702,-1.61464174030913,-2.71555817746209,-2.62056440329242,0.00435730536895629,-2.7755733941068,-2.51277554879679,0.454472687214859,-2.32153484177371
510,-0.0545391419963532,-1.31184138292514,-1.49204717649973,-0.321303315786453,-0.112287143731454,0.186815946381794,1.42749011755816,-2.098870407058,1.39983858622765
511,0.0104712998672968,-0.271933715483642,1.73113484741162,0.714200589757776,-0.583146285345617,-2.30674310314271,-3.37836934910595,0.780158557549572,-3.28536556613703
514,0.0246166276353567,-1.16902259483603,-1.85933289406078,-0.577262038811641,-0.709726309362857,-1.97205262776062,-1.30479415817868,-2.23760067712078,-1.23921084851572
516,0.0269765876982021,0.957033515336504,-1.5761917117223,0.509558999150799,1.98863509372166,1.76549154240745,0.704619581722182,-0.335928905991166,0.768132987444509
519,-0.108802859848799,-1.82566102090374,-2.0110642442351,-1.81261330551126,-0.338112926078671,-2.27461124095164,-2.19338580102905,-2.94926699095871,-2.17657868271267
521,0.0276151670329736,-1.78001765135137,0.216357291629851,-1.85093343226747,-1.0398503926383,-1.87628180213193,-2.31457518055343,-1.81989431729957,-2.20626272795128
522,0.0209981468397725,-1.35596903140498,-1.35395898047695,-0.294799540220645,-0.616238086126512,-1.3253856080329,-1.68976030127293,-1.35864282978938,-1.579380284501
525,0.0224728558520581,-1.82155796466346,-0.550046336919272,-1.10966212485469,-0.224623936484643,-0.733079890895316,-0.890782972326942,-2.34465075827956,-0.899860190478059
528,0.0192313619278859,-1.17792212712599,2.35137525716348,1.51846613422837,0.0289875368732518,1.56291789679921,-3.54192504115727,-2.79902197930794,-3.57874565970345
530,0.0749013081731183,-3.14352997345593,-3.15590308756036,-2.95415827813887,-0.359762954627308,-0.566952577999277,1.24250646832817,-3.46670193088966,1.17351359684123
538,-0.0196298560448868,-2.06697427949093,0.121645109422327,-0.806515198007212,-1.23434390220224,-2.01284510419053,-0.699733373412803,-1.87450945435886,-0.73731160056858
539,0.0253178079842909,-2.91017438519234,-2.2523438765573,-2.89674032434704,-1.79259245553195,-2.47106124296595,-2.63152906319447,-2.11384296839717,-2.71303774261325
541,0,-2.865920662032,-2.23514381219851,-3.81532055251344,-2.09561440092544,-0.330241686870573,-1.66852682880411,-1.66029632966759,-1.68478734967589
549,-0.00337268447863968,0.22652764929845,-0.698201951221569,-0.366424558904564,-0.0779615414697122,-0.538151549267122,-1.359763065945,0.292196752806309,-1.41460599394578
550,-0.0974553361507139,-0.368935434026214,-0.764062961476047,-0.822239601653841,-1.87321446403233,-1.07111609968383,-1.80003658030405,1.00832544199601,-1.87764014013548
551,0.0746908926015905,-1.79679726325801,-0.733969175080199,-0.71931689829333,0.0386148361277797,-1.04678722080352,-1.56132933411407,-2.24449041211586,-0.959292167867342
554,0.0300523450664029,-2.36041944792498,-2.04981283567929,-1.46835931417419,-1.36468088469935,-0.976295966863726,-0.714303380527256,-2.3672264049011,-0.841170101406046
556,-0.105360515657831,-0.920725328942025,-2.26638204433009,0.0689928714869508,1.24171313230878,-1.03752459668828,-2.23597034391207,-3.50922101473947,-2.16204507021505
564,-0.016584128015536,1.07547076010642,1.42377745437463,1.67509188265554,-1.53733461853276,-1.66915714713572,-1.72610549900662,-1.80724650442922,-1.73852801900518
575,-0.017391742711869,-1.92990980770887,-1.40655554625971,-2.34382805152809,-1.27670137943355,0.864997437486608,-0.105360515657826,-2.06989317681114,0.0417971286784617
577,0.0313656592782194,-0.610230195670966,-0.504152577078143,-0.183903835605085,-0.248936305875939,-1.24150197251282,-1.58296223845007,-0.91486453719457,-1.91314294785181
581,0.0114286958236242,-0.366850271980383,-1.41981705315853,-1.48366852514506,-1.6753958802259,-2.78739336345166,-1.90447920292789,-3.50371294518775,-2.0723139277556
582,-0.028808576631775,0.0826557219640698,0.638311108683395,0.167813530304376,-1.80145483603322,-1.46456900596846,-1.40285788679157,-0.526567456704498,-1.35555532196287
593,-0.0124845566622458,0.172321473459371,-1.10861237200269,0.296092550960377,-2.23341273662821,-0.183158727207018,-1.02114860866742,-0.945019800315016,-1.08512135892709
596,-0.0606246218164426,-0.318453731118532,-2.19722457733622,1.16315080980572,0.374693449441394,-2.64794627703251,-3.36297616884196,-1.43210389715119,-3.00196282330463
600,-0.0524901826213959,-2.13335117095546,-0.102362012661568,-1.42159214320091,0.322203266820013,-2.58184859498023,-2.6874808128541,-0.238592462255256,-2.36074101315112
602,0.0195871332753046,-1.96843773794699,-0.17547344929608,-0.736380059664511,-0.548470161720507,-1.48522259601264,-1.33885027334162,-1.59423675110205,-1.20741514851691
604,-0.00583092031079276,0.566952577999276,-0.834687352795274,-0.547005280343493,-1.05681515998965,-1.98963519381501,-1.26933335592492,-0.439951284179334,-0.955286498451299
605,0.0052493558861433,0.328649510940004,1.10123352214798,0.485835094462417,-1.1218992400469,-1.54622486499856,-0.5722506643057,-0.396700810114576,-1.0630845734757
608,-0.0168071183163816,-0.739715346037156,-0.059627115499309,-1.46176339208486,-1.53695833992372,-1.61535258958406,-1.15624140150475,-1.0858189372082,-1.24730013245171
613,-0.0225361650224135,2.27726728500976,-0.43632309646807,0.537776244327458,-0.408310060240396,-1.29694926078404,-2.18832149786054,0.359528012921139,-2.10960868372556
618,0.00894860557601423,-0.774388415900281,0.389995186336032,-1.53021150104722,0.0908657280439005,-1.30935559145067,-1.33371081964701,-1.20084989302145,-0.91227376597279
624,0.0246926125903697,-0.891598119283786,-1.68910531516797,-0.237671651877122,-0.275411979859966,-3.68245643157331,-3.38686755610733,-3.6885745295804,-2.68419057481573
628,0.0486651719812821,-0.943905898907128,-1.50352168684255,0.544727175441673,-2.22110385112616,-1.75785791755237,-2.10930369596375,-1.55603713570698,-1.00704509514262
629,0.00611622701743561,-1.28953496097116,-0.149785766742557,-0.286919586711446,-1.54131574191639,-0.94986702740776,-1.36550038894518,-2.15607789144637,-1.41039191269895
630,-0.0215835716671741,-2.39192708532196,-2.54374714981093,-2.61513714589761,-2.13771044980381,-2.12996181008705,-0.323400155053861,-1.73631082284886,-0.359579811631362
635,0.004597709248628,0.303090697804624,-0.740188328105116,0.730534712631566,0.862706485740049,1.80097612433298,-0.217623758090612,-1.42343988091084,-0.29567754622798
639,-0.00847462699097324,-2.74972289750278,-1.31578057679223,-1.71590419948006,-1.28447367216719,-2.23389612669102,-2.33811652137253,-1.53892412810644,-2.33111051703058
640,0,-0.700367428533433,-1.40335808902129,0.169362412151449,-2.610708974611,-1.49923477230049,-2.45487068058031,-2.1964191000474,-2.28908862695661
647,-0.0260884360842979,-0.403995600128804,-1.61733615445834,-1.26713372502523,0.892350524328147,1.36450700693498,-0.861048077027461,1.20544231230529,-0.777585499706519
656,0.0237165266173156,0.647337644528649,-0.475845904869965,-1.01443779301368,-2.43416145078277,-1.22790293117597,-2.41339945933434,0.482582411452595,-2.28126569097645
659,-0.104140259252597,0.295845383090942,-1.93246358573957,-1.505882451418,-0.4659303038581,-1.32012850032294,-2.33458782408022,-1.94066996239176,-1.94416646945049
661,0.0481192483441986,-2.07355174762377,-2.02070272450818,0.0411016756855513,-0.48911513739509,-1.20665377107919,-1.22456469764572,-1.56553511446884,-0.884931652387422
664,0.0172418064345081,-2.79268458624292,-2.00286504198279,-2.74166681190119,1.98958521255798,-1.37339095628398,-0.987219051110496,-3.31060539837174,-0.904252753314675
665,-0.00930239266231367,1.31419106721855,2.8402473707136,0.651951424121678,-1.74390344805042,-1.94691098316721,-0.611643125264078,-2.01021917122984,-0.268813588147398
668,-0.00966191091173619,0.180381691976129,-0.424696470036052,-1.62771643960672,-0.62796120067525,0.732756318654992,-1.29751619921838,-0.541420744344193,-2.53731178539789
669,-0.0110092855083707,-0.561195983154941,-0.500439773733868,-1.36201679153854,2.55759638315627,1.13621070222512,-0.480100089496746,-0.825986451804896,0.324004161649183
671,0.0297641019064539,0.788457360364271,0.0698310945033398,0.406932459802113,-2.18212251749594,-2.40771097702245,-0.706257346484154,-1.47866768125091,-0.492476485097795
673,-0.0170216875694298,-1.53875753575265,-0.335858927801007,-0.764569145189574,-1.5846701897269,-2.08479200923267,-0.452960067761005,-1.59081055989713,-0.288754458613533
674,0.00865806274311431,-0.524524468124153,-1.75815513853836,0.303126394879254,-0.0476948738080173,-1.46699997899337,-1.08414025605958,0.102809493866221,-0.799369393815253
677,0.021302580703868,-0.0162605208717802,0.0628225859220551,1.00053820788032,-0.26218410051781,0.251649044312136,-1.42758463005751,-0.328410385769102,-1.27296567581289
688,-0.00269179166571175,-2.30903326149423,-0.37165649755435,-0.424157241120317,-2.31197483334389,-1.53329594277541,-1.8653538966279,-1.30636395621474,-2.02722570526894
689,-0.0389659685333834,2.41459015137054,-1.11828505426681,-0.13311739965649,0.948253082577112,-0.716061440082821,-1.35774498301317,-0.691490179352316,-1.20231580311831
690,-0.00326264563481683,-1.35644139797021,1.36687627526279,1.93939546803412,-1.01575152540479,-1.68008518805999,0.202124184090134,-1.35896346740292,0.140088793170682
694,0.00823049913651302,-0.232931557680374,0.486532931196948,0.796687859500788,-3.06193436920025,-0.499283863325821,-2.34981275684559,-1.61271123777907,-2.37070326510312
695,0.0203396842371226,-0.00890874488910967,0.504136635615193,0.955064117800116,1.09192330051731,-2.03863119884412,1.26627668766209,-1.88564500240901,1.11895197290523
709,0.0283994745216982,-2.52956129032843,-2.5020914745421,-2.44060639089142,3.57555076880693,4.82831373730239,-1.47796154964571,-1.48251321886043,-1.20237152295896
712,-0.0347429484438732,-0.79395187968191,-0.870828357797398,-0.866591063321882,-0.603377181131236,-1.85139330527038,-1.61497809280972,-1.92402743780581,-1.73460105538811
713,0.00682596507040077,-0.535020352353047,-0.235314086934464,-1.52576048926423,-0.606135803570315,-1.73640015632315,-0.496436886313891,-1.73640015632315,-0.351901665186074
716,-0.0382498821339999,0.464514136960963,-1.45337408872888,0.197109256948334,-2.10631347395592,-0.992231885109538,-0.924513711054587,-1.13538941648583,-0.590586005068369
721,0,-2.41906008399041,0.246523999958273,-2.62880082944807,-2.10433909330156,-2.08049141054267,-1.66659632627405,-3.1054530174848,-2.08676758177191
722,0,-2.11428827301,0.923408199643021,-2.50827219874421,-2.97313852064563,-2.93769738059952,-0.462886161476871,-2.28685925068858,-0.548408334915033
724,0.00643089033028989,-0.225704372175883,0.170849155631718,0.712565266417047,-2.10123753033233,-2.07058836514295,-1.63849870669722,-1.76906805802598,-1.61199873329577
729,0.0831149067105064,-2.56918764965477,-1.69409478150282,-1.5958490683722,-2.52204087122907,1.3095605668885,-2.02911645779232,-0.391046732683892,-1.55393817275657
731,-0.0614527792136657,-0.642594901397115,-1.6358466744074,-1.53489647690125,-2.26014794505021,-2.46235376512553,-2.1182897585961,-2.85208957132515,-1.47550402433222
734,0.0427415483772713,-1.2043911268587,-1.48103381894544,-1.52387090834372,-2.25107155854394,-1.09861228866811,-2.30132907440732,-1.38733983952144,-2.32451851932623
735,-0.0451204352804698,-1.48060504059113,-1.62988674330689,-2.07503624821192,-0.97476695833618,-1.30327102530822,1.54558644044757,-1.93549503202682,1.46633706879343
736,-0.0821195516183758,0.61102762894157,1.13297993217232,-0.45525577261118,-1.20532324342381,0.538996500732687,-1.62374942682736,-0.759584236177703,-2.10006082888257
741,0.0281708769667001,-0.882389180198477,0.875468737353912,1.09861228866812,-1.93794197940614,-1.0893098960058,-3.10608033072286,0.0870113769896287,-2.84620053958303
742,-0.0253178079842931,-0.343771539102824,-1.51822190416244,-1.16475209117266,-2.98671740245778,-1.19625075823203,-4.55657231102222,-3.26888624544286,-4.52345942121386
755,-0.122602322092336,-0.0285733724440597,-1.04909722414073,-0.0285733724440597,-0.889857474806,-2.48972593622395,-3.96453295070011,-2.4690816086436,-3.86817711988282
764,-0.0190481949706929,-2.3952694507207,-0.0918075492531225,-2.61963924375816,-0.268263986594678,-2.88501555869564,-3.33186104460425,-3.15125563719322,-3.37719363431373
765,0.0784716154414974,-1.81045160224021,0.5045560107524,-3.71495169442371,-0.624827936582468,-2.26411881216625,-3.87473250368936,-3.28812023704318,-3.91616535742557
766,0.044825431380064,0.14099557970521,-1.01085343437944,-0.193672416462645,-0.601392316957898,-0.552151600854734,-1.90149396670899,-2.31915930747811,-1.55076344262905
771,-0.0479284665719504,0.469486966873096,1.70992945098042,-1.8559749407747,0.0261795055817711,-0.776166966943166,-0.360543420716652,0.24139699162356,-0.477725675339645
772,-0.00806455983672974,0.0669706261061852,-2.63471012671055,1.05504104037447,-0.398694601540953,-2.56401463235843,-1.0850251231218,-2.55241393791037,-2.16197258656267
773,0.0158985860677989,-1.25141009342995,-1.57673220804992,-0.979250720718676,-1.06002229139824,-0.473546242673242,-1.19669083451902,-1.95264720575186,-1.57346743205178
775,0.0140189211793308,0.139182064133337,-0.438180083432898,-0.769076496043554,-0.544587954614011,-2.09240815470308,-1.80176340029257,-1.73650997333892,-1.82372566129055
778,0.0441248049089375,0.707640187862511,-2.04187413731706,-1.30677609623792,0.294902320425267,1.09502162053738,0.61698581959438,-1.61589186097484,0.685978691081332
780,0.127833371509883,-3.02140002030257,-3.59291906296802,-2.12106321637065,-0.336472236621213,-1.57277392806251,-1.83098018238134,-3.25269737334371,-2.10900034392138
785,-0.0664897412688337,-2.2123868250759,-1.53147637096439,-3.03915089392151,-0.145182009844497,-3.02983172231342,-1.35131464222386,-2.54553127160443,-1.27745558108574
793,0.030153038170687,-1.03385372131995,0.00995033085316919,-0.0196084713883747,-0.290154261597167,-2.12184644116059,-2.02344727232526,-2.17834561573875,-2.04160600733713
797,0.0619667237492005,-0.45704448460323,-0.929084083334064,-1.77517055653497,-0.0337584799249532,-1.1282127584444,-0.927387730085886,-0.552848613540838,-0.686688600520533
799,0.0656952592653958,-0.642766156267593,-0.2493857873745,-1.1692736454295,-0.26280880770664,1.46441214038384,-2.79685829315424,-0.828122616756702,-2.85307597315247
802,-0.0305367238600823,1.07562277044341,2.29486304690014,0.716677677970139,-0.344194282715123,-1.14407466274487,-3.25091517861282,-0.803148075774274,-2.73204931052826
806,-0.0253178079842904,-1.44389783260215,1.46633706879343,-1.86388134341015,-0.273153971888871,0.667829372575655,-1.49836309551284,0.693147180559943,-2.23838839377059
808,-0.018809331957496,-2.02414290148361,-1.83510991010167,-1.37195148576049,-0.572194570142282,0.432732234448505,0.524633596732325,-1.09013766167714,0.0256424306133383
812,0.0271509890659507,-0.681170989513229,-0.442470304101719,-1.80015665366514,-0.253626568039286,-1.07755887947028,-2.05267274256694,-1.3522388567074,-1.89264570449096
813,-0.0663226429310718,0.336472236621213,-0.641853886172394,-0.120952610417662,-0.48945605517255,-0.557163804688135,-1.89009536994892,-0.889653372345856,-1.91439842068615
815,0.0935260580108238,-0.628608659422376,0.658055860748671,0.336472236621212,-0.25823487112548,-1.52566802936864,0.264151575041586,-0.324926245624152,0.196710294246055
816,0.00424629088145167,-1.82714297311737,-2.31228367207313,-1.81755385854467,-0.112117298120707,-1.96568903776085,-2.76807643853857,-2.50171376810438,-2.71396487825217
818,-0.244649756535174,-2.20534370177472,-1.42559345748875,-1.98586220006703,-0.377915156339934,-2.2432503997315,-1.50588735202151,-1.32969525375451,-1.76792699385996
825,-0.0525835414728837,-1.09154512144502,-0.443842803207063,-2.05628823670512,-0.370429677636017,-1.69013046308512,-1.39622144994217,-1.5652848675133,-1.49569599621906
827,0,-2.80975699120323,-1.87991398343697,-0.162518929497775,-0.132059722013067,-2.74500590762464,-2.9704144655697,-1.44899295533545,-2.89526174319036
828,0.118050737438199,0.224750838025081,-0.45625863452044,-1.56387593676364,-0.161769183840634,-1.66807037613559,-1.82268252343758,-0.909846026431514,-1.19515459469426
830,0.031875208530448,-0.474893614539928,1.07535542650384,-1.25556017311643,-0.182321556793955,0.411364830235353,-1.52007082175201,-2.18008506745952,-1.28202257719726
837,0.0686965312862345,0.181492025431577,-0.975107520886881,1.32591385013098,-1.08046803654471,-2.38307455690567,-0.646429555992487,-1.95769578930379,-0.57198707973797
838,0.0571584138399478,-1.81915844341617,-0.606135803570313,-3.6472855568151,-1.83109888378809,1.04454506739784,-0.959775843813893,-3.29171314882046,-2.07944154167983
841,-0.0794067776044104,-1.12489381945019,-1.22280266889949,-1.63231472708785,-0.372797714276511,-2.12685334587915,-1.99916923924005,-1.2080965215098,-1.67190818050761
851,-0.0676102234962021,0.010416760858256,0.548665598004712,0.677722710234314,-0.100946643763793,-1.42877301371214,-0.59809603456098,-1.96678620475245,-0.635836362543827
852,0.00790517950711435,-0.205668920790945,-2.15523538104937,-1.12707475333187,-0.255679341365607,-0.61113402889911,-1.30854560824551,-2.15887837232787,-1.59516328464151
860,0.0433280767635379,-2.20971010823811,-1.00870562253998,-1.72036593956623,-1.33369837742557,-2.35120697781937,-2.34275669937934,-0.705438819071502,-2.48990005126347
872,0.0863280834884982,-1.35381777244198,-2.08693221340899,-1.56484943511837,-1.53613932923594,-3.12067425096469,-1.33420930105361,-3.27501450425223,-1.58045037556085
873,0,-3.88222869158496,-3.62391073292671,-3.61266007336361,-2.99573227355399,-2.64708950131253,-3.88786250930321,-3.36283651378971,-4.11034490356854
877,0.023167059281535,-1.70127224584707,-0.602659957178963,-1.63257777790339,-1.97316174582433,-1.37155522854761,-1.88212258784935,-2.11198508941231,-1.81191128466536
879,-0.117783035656382,-1.37054600415175,-2.68982965498868,-0.459532329378436,-3.94682692762283,-1.81577434543192,-3.29429246415295,-3.37374053542911,-3.29583686600433
883,-0.0741079721537309,-0.767255152713676,1.17865499634162,0.367724780125328,-0.767255152713676,-1.65455834771458,-3.27569229991186,-4.54493010561074,-3.89182029811063
884,0.0458919932566555,-0.891175866559258,-0.553187329420081,-1.67232599583113,-1.05179906089213,-1.32017147207762,-2.23547510664255,-1.81006063361046,-2.21696397006952
885,-0.0235304974101921,-1.08261194732167,-0.656779536389068,0.793230639116924,-0.662933401963447,-1.81528996663825,-2.94067249637096,-2.71910003728879,-2.86898056791485
886,0.00218102594636059,-0.303889882678634,-1.66412413712866,-0.757481432469965,0.0153680302283142,-0.961859612019438,0.936093359170335,0.568368579045017,1.15231646763997
887,0.0642195927342936,0.905582717601683,-0.849005219518027,0.623835380669715,-0.387765531008764,0.119279369917321,1.60466463368144,-0.411824430016457,1.6287621852605
889,0.0348094046658612,-0.342095494175575,0.0822380982369722,0.693147180559945,0.233060987971557,0.368017220542667,0.519636253448146,-1.55814461804655,1.07263680226485
891,0.0313505298840747,-0.801281623100497,0.405465108108166,-0.661796650675869,0.0186921330121523,-0.127339422376603,0.117783035656382,-0.841992808157511,0.131769277631123
892,0.140357357694923,-0.822503201773987,0.593517339611105,-0.597003320007042,-1.73753791506142,-0.213574100298058,-1.96844347171111,-0.0645385211375706,-2.1578345376787
905,-0.182321556793952,-3.0842009215416,-1.81373837594683,-2.57006445812831,-0.275103290244919,-3.94545778151438,0.287682072451786,-2.67299856304329,-0.578484272239806
911,0,-0.796902910695746,0.701932010115678,-1.67488709750857,0.110882699578743,-1.8928836188978,-1.96120286287528,-2.12329101871743,-2.02284033837272
914,-0.0248975516217267,0.72444418728186,-1.03897923857397,-0.575889217113052,-1.92651560174847,-0.967079697428623,-0.976618720475382,-1.73014229149887,-0.883836987024416
915,0.0161293819298833,-1.04098317583147,-0.586304084941896,-0.168898536461814,-1.81025405186422,-0.667487433779368,-0.747635365844015,-1.5829570351845,-0.479953960098904
929,-0.0259754864032528,-3.86460032687653,-4.25149824730912,-3.40207419013569,-1.21444410419322,-4.52521519376568,-2.80654509697405,-3.88643525547973,-3.0826339954089
933,-0.0237165266173157,-1.442674694556,-1.61263280333062,-3.00924062357878,-3.08190996979504,-0.0916671885258257,-1.13011095572748,-2.8232818365553,-1.18295343710186
934,-0.0555698511548118,-2.48132882844012,-3.12613377316959,-2.01108622201556,-2.03190059691084,-2.26176309847379,-2.57804998150723,-1.00377818599727,-2.73436750941958
935,0.0156009404424805,-0.500869100943188,0.949338585920357,1.21330413175482,-1.50648248297255,-0.279131690005967,1.2450528300694,1.94901092673356,1.46016420968635
941,0.0169975763685709,-0.768859002295642,-2.71253451354954,-1.36356611004234,-0.567609435616169,-2.30314673299758,-1.56109708549982,-2.53556772189325,-1.39885558699286
942,-0.01775194545845,-1.18711509024441,-1.5312343085918,-1.75321514418817,-0.0206802052375389,-1.28507121172803,-1.66177543754233,-1.80116780800075,-1.7877714280501
943,-0.0532445145188125,-0.630689825626198,-0.46117571512217,-1.75191356068086,-0.655331729563128,0.476273242259332,-0.346466767346208,-1.35756529267903,-0.468537711563239
956,0.0308579883599057,-0.762508308357448,-1.40409086092351,-0.314931714899157,-0.0218587938124996,-2.02004630888257,-1.66947737770447,-1.21003175979367,-1.63937212025214
958,0,-1.28052824821456,1.3090630131839,0.715288306437159,-0.00727275932907757,1.18231130754476,-1.55852871638044,-2.10910663832154,-1.46014161107164
962,0.0196084713883768,0.544559797418016,-0.405465108108164,-0.776917063625404,-0.818453088879316,-0.362483285534479,-1.23597935774255,-1.11625508791086,-1.28617896541521
967,0,-2.71469474382088,-0.587786664902128,-1.30833281965018,-2.18605127673809,-4.24563400976833,-5.7655045332842,-5.67125928295064,-5.82600010738045
969,-0.00547946576462615,-0.255578827067364,-0.645318092870065,-0.627875790206721,-0.679315701411484,1.19667350184433,-1.58158095793113,-1.46675963376908,-1.54005249923455
970,0.0477544312958994,-0.36852159291648,-0.0796440630599252,-2.17451617796641,-0.828619693172812,-2.4792777109158,-2.54644520921565,-1.43927017709765,-2.4452713429306
975,0.00530505222969398,-2.04101416454595,0.0826917158451122,-2.21816775118146,-0.607577764887218,0.351397886837888,-1.69750693098187,-1.08797389046305,-1.68188161307879
980,0.056352936551133,-3.04940287688833,0.00687287928776293,-2.55062170456575,0.139419535249744,-1.62977759667122,-2.91740043028408,-2.63758854110151,-2.82105267534777
983,0.0180185055026791,-1.47427253251792,-0.323635089860532,-2.28710880785455,0.0107720969819108,-0.702036127977191,1.41528189799314,-0.0246926125903718,1.50765521812416
995,-0.106767975425703,-3.50246502589481,-1.46090522491106,-2.67851017802706,-1.03062494768317,-0.81249393819251,-2.09862260053168,-2.46235376512552,-2.40808644380456
998,0.00447428039492177,-2.30392348266517,-2.40839193760371,-1.41164007050065,1.22199130982862,-1.95416678535443,-0.359795071274974,-2.75967082286469,-0.101782694309941
1001,0.0271019297777925,-0.352387691927112,0.443616874072541,-0.682394388783683,-0.577033873125857,-2.45321545082657,-1.04176838969158,1.17066560630816,-0.987491502837142
1004,0,-3.52741039347899,-2.58937390946861,-1.93048567872968,-0.842182759720424,-3.43052499675667,-2.98315349134712,-3.81220267014593,-2.80983289541215
1011,0.0265267543334295,-2.78785123640175,0.177099612812804,-2.05156979723107,-1.29594567471574,-2.75908168111466,-2.77715941253461,0.134279615629875,-2.38592481623915
1012,-0.0467617659080386,0.0688029199240294,-1.59658976995625,-0.652435995502932,-0.442022703841962,-1.52281330783374,-0.35826941677189,-2.18323833536148,-1.39490083595864
1018,-0.0755696045698446,-1.77859008336389,-1.86044891964008,-0.747932663667529,-1.24049889523162,-1.31192381839882,-1.70629823981283,-2.45312125220557,-1.46581185869732
1022,0.003025720916536,0.0818065987696511,-0.567782607451165,-1.06377269950638,-1.13810409374258,-0.621128588156458,-2.19419885641968,-2.38127899462137,-1.80873441501819
1039,0,-2.21243399599975,-1.2576769832978,-4.70984080855198,-1.09861228866811,-2.5380660180681,-1.40338879447919,-0.950192283549838,-2.27815106765677
1044,-0.118299698029023,-1.71065030161535,-0.191964833065758,-1.05665916370488,-0.793728853857782,-2.12100744547747,-1.72401166949356,-2.07390297629,-2.12878526246457
1048,0.0215062052209665,-1.2738163776932,-1.50643867296195,-2.36944803822317,-0.655202248995822,-2.82315036605759,-2.38131761377855,-1.50171053176601,-2.20429174455931
1053,0.0355066884569094,-1.14777152462619,-1.2659644803539,-0.532678132203615,-0.413187154202076,-2.92528485635605,-1.98260403331213,-1.45780344413475,-2.44738991040307
1054,-0.0157981168765919,-1.93631007532629,0.21996389839683,-2.22238313697237,-0.442969503566619,-1.70416888573512,-1.80494183781749,-1.42072655754138,-2.28879619406495
1056,0.0153849188394814,-1.13851783284165,-1.20473587189444,-1.57210853934006,-0.575841130364548,-2.60184114911854,-2.15919060671435,-2.77924590326896,-1.77119319164658
1058,-0.0526437334854212,-0.787638023980867,0.198670694795484,-0.946461609507517,-0.745790914045366,-1.37951467413451,0.155653309711797,0.519875459285911,0.278713402469021
1061,-0.200670695462151,-0.287682072451781,-1.30216483050515,-0.946517108022948,-0.496436886313891,-2.10748380955369,0.937681921855474,-2.14905150667603,0.157241872396931
1063,0.234839591077398,-3.5623005808043,-1.14036408334833,-2.97931924391266,-0.710438677670006,-3.69583197342882,-2.53958567896968,-1.84091870518614,-2.40316676629188
1064,-0.0400053346136986,-1.60671311510791,-0.765309626808175,0.741937344729378,-0.412244795093542,-1.90119331027352,1.27686052007443,-2.40036593495694,1.18377009700842
1069,0.00636944828547927,0.0758188365573511,0.58778666490212,-2.21019129134248,-1.47363637127504,-1.86567845905106,-1.35321349065564,0.554075607559806,-1.21721803107596
1073,0.091567193525491,-2.64262239577975,-0.78845736036427,-0.97455963999813,-0.85972038038576,-2.87849596341597,-1.9351380520734,-0.336472236621212,-2.1117272051778
1076,-0.0358782876649026,-2.81395851189836,-1.35498745649485,-2.71774430913055,-0.220400065368459,-2.8043285021356,-0.0181000416436186,-1.65757554803226,-0.0576656418498091
1081,0.0521445135062556,-0.471734232504314,-0.14985244209725,-0.131797789185432,-0.103048375899447,1.27494718240575,-1.83248908072824,-1.74123570161953,-1.70663587465537
1086,0.1208048380853,0.422856850820034,-0.382208245943897,-1.53723793322724,-0.0504308536268912,-1.00594229865433,-1.80998320818451,0.438772306125933,-1.87972824217401
1087,0.020714204387563,-1.66998213439521,-1.57467195459089,-1.23668914366431,-0.268129983244395,-1.11068790710354,-0.0830170778131692,-0.77825849997623,0.126074720045389
1088,-0.0117786991926124,-0.363523477023486,0.236862824055568,0.457756655635762,-0.132938800014589,-1.83655460302089,-0.350256284079438,-1.32774105236832,-0.600085655469633
1089,0.0391354289436013,-0.184451483051779,0.0683838580698336,0.084494678342532,-0.290343772186641,-1.41570824632618,-1.98679306161037,-1.66420066104308,-1.86439412590202
1091,0.0784716154414941,-2.56639968403918,-1.8288007409084,-1.29928298413026,0.0516243654053056,-1.98640864111952,-2.74428306530119,-1.43088283843562,-2.82615929587134
1097,-0.210295408836363,-2.63142952756637,-2.09788738747059,-2.48667812943638,-1.04769219824085,-3.77593515636232,-3.12339541781008,-2.83321334405621,-3.19910723954578
1098,-0.042259809289882,-3.29583686600433,-0.499248070423548,-1.26197019466383,-0.153122402101692,-1.7857462220046,-3.05271081510278,-2.95160746864505,-3.28053249963088
1106,0.00477327875265825,-1.91481956198528,1.39586381213604,-1.72361657654281,0.772396552214085,-2.81740273802957,-2.81483826875122,-2.79524674613236,-2.33491398010941
1113,0.241162056816882,-5.25451474388964,1.9459101490554,-4.12367217731661,2.63905732961514,-5.06845486498508,-4.95078418256739,-2.07047287169707,-4.60374059317849
1115,0.0537253993561631,-1.89218474969915,-1.6633431772703,-2.45180053763457,-1.52203485035427,-2.41591377830105,-1.78558661012097,-2.34888130736353,-1.21010779289345
1118,-0.392042087776028,-3.83701206161563,-3.54577861047327,-3.51492281365161,-3.68386691229039,-3.26982239248631,-3.50053982499442,-3.29484872363144,-3.33648106694247
1119,-0.0634462217389633,0.145454972859705,-2.69604244223993,-1.22171834681341,-2.60414423115538,-2.52485490025966,-1.74023631620255,2.03252462189208,-2.59212134059666
1125,0,-1.17781303283312,-0.983560748837336,0.690961387339965,-1.6539467564316,-0.693147180559946,-0.313068258842197,-2.00567015653703,-0.78106988541726
1131,0.012500162764233,-2.71300684074214,-0.732726166840602,0.90701709508883,-1.64722424810024,-1.68593876028093,-0.861395010142236,-1.6638319844999,-0.77079811479001
1133,0.104191608452845,-1.56861591791385,-0.761297592013919,-1.78648241212721,-2.0533136890988,-0.0371943700080492,-0.588955572107101,-1.62323700239407,-0.571276855938307
1137,0.0150378773645423,0.179340928655819,2.25878247033565,-2.46986877242346,-2.39245308249568,-1.43366204994278,-3.82082376709804,-1.78175938589347,-3.80367295092195
1141,-0.172106963384235,-1.74686414932016,-0.702855994686906,-1.14468874696595,-0.22021243050535,-1.0243792305176,-1.43508452528932,-0.50003591634461,-0.636705869654993
1144,0.071458963982145,-0.412337987395927,1.10553273151268,0.987749695856297,-1.88288116123363,-2.50763490086556,-3.10752036388674,-1.14794964847363,-2.80607352041912
1147,-0.0870113769896279,-2.246495626343,-2.00183093897491,-2.17828737631647,-2.05229055261388,-2.39553120550349,-2.61796444543469,-2.83550254765035,-2.9471693562893
1148,0.122147948741085,-1.59115329613906,-0.923927006399143,-2.43122650032438,-1.00874603265778,-0.911400746579962,-2.40421041850989,-1.52817494835533,-2.46466838754701
1150,0,-1.84265107652444,-2.08207361689744,-0.967945406739047,-1.12731292265602,-1.27909145318143,-1.55114490763426,-2.09587208307593,-1.37035474470773
1156,-0.0361485141163106,-0.395187525349924,-0.0992066500834483,2.38569999970455,2.32116147856699,-2.1118849756036,-0.913833728181103,-1.75372414729044,-1.21525857303691
1160,0.0777089843273178,-2.69140147353614,-2.2993087034495,-2.3768599404089,-1.64703977461778,-2.52684951122927,-1.76492281527449,0.971526860349411,-1.92772170557958
1161,0.122602322092336,-2.67767910322591,-2.55104645229254,-1.42711635564014,0.296265816143172,-3.46653686399593,-0.730887508542789,-2.95250353900317,-0.606135803570313
1163,-0.00385356931599052,1.56784401513526,-0.416981550169724,0.761037516102795,-0.93389547280297,-2.62991472541398,-2.10139946446181,-1.71418047658145,-2.24823898255895
1164,0.0206192872027295,-2.34845554706015,0.178248231406313,-2.81136781513024,0.254234138384234,-2.20625398405562,-0.502628856561817,-1.07799300146538,-0.412244795093547
1165,-0.0392207131532808,0.967584026261705,0.967584026261705,0.150822889734585,-0.287682072451781,-1.49065437644413,-1.55322023243587,-2.11786065158378,-1.4239112246912
1170,-0.0104712998672945,-1.6251040291785,-0.828321958928197,-1.79526209977926,-2.11815605386053,-2.69888552645265,-1.37037890581399,-0.999082693321076,-1.37037890581399
1171,0.00666669135818886,-0.67301227215089,-2.07819491779099,1.79508725932073,-2.37374615489211,-0.552471199316048,-2.52904539693425,-1.19160426958111,-2.50572931992761
1177,-0.0283706971292163,0.14144200997303,-0.071707010616184,-0.818098705694942,-0.0190029471256158,-0.934822980003083,-1.53425945421444,-1.62608514586726,-1.51177484685966
1178,0.0145987994211524,-2.03688192726104,-0.847297860387203,-0.754055933646938,0.150935242973286,-2.87003758839027,-1.81168838705577,-2.77258872223978,-1.7456227862923
1184,0.0289875368732438,-3.16487209364589,-2.23766554689474,-0.538996500732693,-3.61400195518119,-3.44498639878582,-3.80666248977033,-3.74444930526875,-3.71496482458962
1186,-0.0119761910467172,-1.85592141344534,-2.43022567483686,-1.64261631113142,-0.0238106486937165,-3.33735473615152,-3.61221957244402,-2.81172254561269,-3.60077218660367
1191,0.022989518224699,-2.2974583372477,-0.446287102628419,-1.36039363268773,-0.895624095065596,-3.01820512940605,-1.17865499634165,-2.17617116813839,-1.21302263984585
1196,0.0215062052209643,-1.39629150406931,0.0837928354278321,-0.977276851407358,-0.313930298526717,0.635726127191238,-2.1805376585512,-0.190952445993229,-2.16844561278618
1205,-0.0215724852541281,-0.997052088518614,-0.845961854844462,-1.14626448670529,-0.977318424361664,0.154670025463444,-2.06215910053109,-2.42444426818478,-2.43977023866301
1206,-0.0151682214731718,-1.39661212845931,-1.47303277509431,0.562348776791492,0.423086709457983,0.443289416775502,-2.00701170383502,-2.02244365952116,-2.00554349038672
1207,0.017699577099403,-3.95930827841816,-1.5479357126763,-2.43852586144188,-0.3636679794297,-0.0678225963387625,-2.72544194381408,0.824175442966358,-2.77258872223978
1219,-0.00648650922960666,3.93617346566044,-1.29434079753624,-1.14867561509682,-0.286596885150494,-0.493319706252376,-1.34815765891287,-0.871483946716211,-1.45947224484817
1223,0.0246317871896654,-1.73460105538811,-0.779347198478696,-0.888161564152319,0.681055134794917,-0.903064969654894,-0.328795995159776,-1.3091873239254,-0.45529748185604
1229,0.0408219945202561,-1.99061032797322,-1.05431202977153,-1.67709656090791,-0.0295588022415439,-3.04166120544239,-2.91560622907471,-3.10054263790634,-3.27865302890406
1236,0.0233308567626946,1.26967669093743,-0.465801942392036,-0.684726078163537,-1.10765582856443,-2.03386946435027,0.751416088683921,-0.677298988319922,0.365398115511278
1244,0,-4.3643716994352,-2.86789890204415,-2.90142159408279,-0.693147180559987,-1.60943791243413,-4.84576065090606,-4.51305489708033,-4.90823336047822
1250,-0.00904983551991714,-0.62982004660867,0.88827769564648,-0.934309237376833,-0.369994928659856,-1.35922677141181,-0.653744632693916,-0.354171813720613,-1.02392139606652
1254,-0.0219789067187752,0.283247475383915,-0.825149627164192,1.66659632627405,-0.13491931789937,-1.4810993628382,-1.20330591533823,-0.19702770418365,-1.15338101820988
1255,-0.0329097340887975,-1.58535849470096,-0.560146714414579,-1.3890785856563,-0.693147180559945,-0.894493551723478,-2.01217315161779,-2.19557100110164,-2.0803704781145
1260,-0.0508192483962137,-1.04173262047457,0.863221763743927,-0.768439285474885,-0.697875321755892,-2.55909924936952,-2.25203983504582,-2.41582914371084,-2.20090395073808
1261,-0.0420009239746306,-1.21649461440053,-1.91558123035786,-1.07601756333811,0.638374690905827,-2.27292709012183,-1.92852512553177,-1.59648576158926,-1.95506004133165
1265,0.0307716586667513,-3.18810416620145,-2.10191439753189,-3.12954771674142,-0.395312736644149,-2.42104130269133,-2.68143655258412,-3.06239920982639,-2.33096638553227
1267,0.0029717703891577,1.66119984699269,0.119639356961676,1.11055272904003,0.157122450216417,-0.326246327316535,0.0270693219682188,1.12873504812322,0.14675966318087
1270,0.0329700192375693,-2.97221464607385,-1.98602146639393,-0.293072921086657,0.902867711542016,1.3285355269677,1.09322144003323,-2.71701887108497,1.14281838117261
1275,0.00826450984989453,0.949766661070543,-0.457581109247178,-1.11493918195554,-0.344669003825392,-1.09448857148425,-2.61616350974941,0.595221643389636,-2.40942599382231
1279,-0.0188093319574986,-3.00267017587077,-0.379822677494827,0.0453151962120399,-2.00897833118457,-1.66363836933178,-2.97494815209173,-3.10106114314147,-2.94975460630083
1284,0.0068965790590598,-1.9449278307052,-0.483655718414064,0.0385336640022419,0.861138911799074,-2.12191166183068,0.222284813605791,-1.72851831157234,0.0749013081731169
1285,-0.00662985853866946,-0.0455116460828774,-0.803263553215884,-0.227126738700505,-1.75716955468149,-2.06773245892041,-1.30430963591272,-1.16093105306737,-0.935179938346077
1286,0.0280579527951577,0.34043263783731,-0.238051634402495,-0.52104985754185,-0.10140011444173,-2.56646842201007,-0.604337565358714,-2.11963092507667,-0.593479695386664
1289,-0.0033840979842409,-2.18471730798383,-0.824769973304908,0.866693790734781,0.244557645818027,-1.89779772127238,0.0665744906226695,-1.98810650137651,-0.316911710766719
1291,-0.0190936588155803,1.21609416485828,0.238318349333444,0.452329417084381,0.0907423151482718,-0.0401470680134121,-0.182321556793955,1.39354953200106,0.136634308404927
1294,-0.0780683733698192,-0.999090975271807,0.0107412418314124,-0.183033553976044,-0.260060495141851,-1.85288672990906,-0.00851068966790884,-0.956497152352196,-0.302002126226529
1296,-0.0711537602562899,-1.50898177149136,-1.66954183650381,-0.647890588971824,0.72005463347987,-1.91422941738273,-0.710691490210855,-2.27507139573909,-0.260774619531857
1300,0.0520348591230535,-0.0914615541430308,3.67489321213921,-0.742607810728345,0.0821576185781617,-1.49116179748762,-1.56508857739588,-0.0494606301684001,-0.935817154224511
1304,0.0233473639969909,-2.9700199104255,-2.46418051927088,-1.63824960967265,0.122602322092334,0.242561637171313,-2.07268801866406,-1.44601359582151,-2.0531370537931
1309,0.102654154060085,1.63413052502445,0.279584862219161,0.381367556529101,-0.178248231406313,-1.2836402070598,-1.94241974411554,0.346276236717841,-0.668454567969571
1311,-0.0143887374521015,-2.06208158081736,-1.36801231628244,-2.40052685326443,-0.831648088720078,-2.9895538057804,-0.847297860387205,-0.779856579591672,-0.57807785077516
1313,-0.0130720815673542,0.236388778064229,-0.756862994946053,1.36031887471663,0.864997437486602,-2.81367384003481,-0.787260472130424,-1.47138503509073,-0.596520344870874
1314,0.0248600373193955,0.0363676441708746,-0.0264332570681559,0.986799419998229,-0.926948026348143,0.517544574014735,-1.25785203800284,-0.77353323587634,-1.75539182505718
1321,0,-2.7408400239252,-3.44068515316927,-1.35454566280531,0.538996500732685,-3.05831575985575,0.780158557549567,-0.996333439547685,1.09861228866809
1322,0,0,0,0,-0.693147180559735,0,0,0,0
1323,0.0752234212375879,-0.658388547194771,-0.0143887374520997,0.479573080261887,-0.211900459740029,-0.773667557217964,0.0619194556112255,-1.0875087741756,0.00623054975063594
1331,-0.0202027073175199,0.0851578083403066,0.934309237376832,0.0232268506098163,0.270818266399776,0.142316222180255,-1.595049174982,-0.325847480143473,-1.10370135817558
1335,0.00352734051796866,-0.801496183982969,-0.0481192483441972,-1.10795815108635,-0.396031075874805,-2.19015741011313,-0.910640999332036,-1.70089946657713,-0.732841779244891
1341,-0.152244101556677,0.122795577479927,-0.246860077931526,-0.0392207131532825,-0.542324290825363,2.04880457221795,0.107832704803215,0.571913315745828,0.405465108108163
1342,-0.0333364202675959,-2.21957187602822,-0.141970261270392,-1.26957008681175,-0.0495969411393715,-1.41963078138748,-0.797659879295435,-0.212921997242673,-0.566853455235656
1345,0.028437935320533,-1.63708944376461,-0.716242895354594,-0.508954715830177,0.0676586484738151,-1.93652040870547,-1.05401891312529,-2.49343713967173,-0.531177852614888
1352,0.0459851132418245,-1.59586304334303,-0.580267832488092,0.0819171224678872,0.704446735813875,-2.30930404324279,-1.15327070120597,-1.60040850571471,-0.401712758489615
1355,-0.00563381771825423,0.942043227976572,0.300952409372677,-0.959415158507909,-0.514209721750231,-2.49194397650858,-2.66416325074633,-0.737353273064441,-2.75513502895206
1356,-0.0135687292060685,-0.0027285146532044,1.20215296760895,-0.816379820983893,0.12498101017871,-0.295845383090942,-1.77754230703522,0.486532931196947,-0.978777970241169
1357,-0.0522815065100417,0.213305102313921,2.57346004712944,-1.30005310353683,-0.455062049247537,0.733498476083512,-0.93531760692885,-0.114639367553417,-0.343309182617745
1364,0,-1.99257918488272,0.608323988250868,0.186922287879891,-1.38136419501203,-2.29137495252044,-0.268649640282452,-1.27453820922566,-0.151806012868004
1365,-0.0239532410224933,-0.31015492830384,0.520977995230006,0.815486032752189,-0.167054084663166,-1.63575522075147,-1.42054938567021,-0.839475134705995,-1.23969088692802
1366,-0.0257524961024145,-0.95773861744026,-0.817030732808326,-1.82361383828779,-1.23141878093468,-0.907557051905401,-1.61867052273683,-2.1914106074708,-1.51719548602692
1372,-0.111729963943306,-2.09016657000497,-1.3004440873086,0,-0.301168988506125,-1.28818473937535,-1.41153229370975,-2.03368192453037,-1.57100921781969
1373,0.0178046246335076,0.0606246218164348,-1.16131088288367,-0.308781436476027,-0.765467842139571,-2.07944154167984,-2.38579021577209,-1.36923795949174,-2.3315726298673
1375,0.00554018037561623,-2.87365827692242,-1.83765146248471,-1.57572685509179,-1.58596003137182,-0.744302343860874,-2.10332531087211,-2.1279685825745,-2.53431049915619
1377,-0.0321571116345299,-0.635988766719997,-1.43726080471192,-0.589962944324715,0.303050102680095,-2.78557591776659,-0.211309093667207,1.7346010553881,0.11045699556431
1380,0,0.30010459245034,-0.908855753386636,0.462623521948112,0.462623521948112,-1.27887411249905,0.523248143764555,-0.635988766719997,0.251314428280902
1386,0.0561945583436419,0.334288829640268,0.413695607244679,0.185605631995145,-0.13284809912339,-0.552565229938755,-1.5381003739879,2.50143595173922,-1.18744350237472
1396,0.217912501896657,-0.57645620573067,-1.47810191037301,-0.0610358905863696,-0.816354483681048,-1.47889904074603,-1.20362309283435,-1.88037212758466,-1.05939157551483
1401,0,0.446287102628416,-2.09924416897602,-0.215111379616958,-0.277631736598287,-0.875468737353908,1.27296567581287,1.13943428318834,1.83258146374828
1403,0.125163142954023,-2.03432110639936,0.753771802376362,0.435318071257836,-4.7820849957696,-3.62041165483647,-5.38880309314598,-4.56679617310647,-5.39896089232772
1411,-0.0206192872027362,-1.31058253938419,-0.370125741662855,-2.55285731169651,-0.167454645453622,-2.97600776820621,-2.97945467603367,-2.78809290877575,-2.7909733716411
1414,-0.0113637586503167,-1.44993962628025,-1.71251009757392,0.23753228876631,0.134348052531078,-2.70728800594336,1.90668943590203,-0.480660923719725,3.21887582486819
1418,-0.0372713947972313,0,-0.0125787822068618,0,-0.274943046674354,-0.321900029762123,1.80449849500549,0.242313467421931,1.66139765136482
1419,0.0164207302123284,0.550698015013368,2.23034018612072,-0.159256283862958,-0.765392087433273,-0.291745466909037,-2.12208597877687,-2.05887314894743,-2.43538331789398
1425,0.00417537141048126,-1.50222382812695,-1.98387091129454,-0.53307623270081,0.437213806422746,-2.63278771660166,1.09861228866811,-2.65792581391964,0.916290731874156
1427,-0.126751705639139,-1.10758095865087,-0.499955951529088,-2.62935793252654,-0.340325805937199,-3.50952645974826,-3.91902545795736,0.475423696715078,-2.68986788201902
1429,0.0130720815673542,-2.10824353258354,-0.418368512944072,-1.26199664444231,-2.18415249576887,-2.45190035331983,-2.90753956151853,-2.44065164078396,-3.20211272935564
1434,0.00849262004565382,-1.03308667022131,-0.0105153439995226,-0.413187154202075,-1.14474783678577,0.36913521759468,-0.305492915198028,-1.26804874491668,0.363037637726561
1441,0.0183491386681975,-0.111703989580001,-1.16975772388142,-0.485041506610276,-0.956676267523729,-2.14539950947163,-1.7200573032093,-2.36056808260285,-1.52341777953687
1442,-0.00505051578606926,-2.1115165316922,-1.58690751752739,-1.2914271211779,-0.729198318951948,-1.12772037282618,-0.630463478266259,-2.17705057307127,-1.93023641831029
1443,0.00629592845681461,-0.42069031570523,-0.653675389864231,-0.980306103640653,0.917337304444825,0.138925472230192,-1.51241077833542,0.62834718733303,-1.23284078832679
1444,0.00651468102119323,0.154150679827257,0.612105970556818,0.387765531008763,-0.124972139228853,-1.86277050487124,-0.470409391069116,-2.2333602836654,-2.14881312932356
1449,-0.0266682470821611,-1.91983305212511,0.30281095404808,-2.23696490598573,1.16857087727502,0.439832751612372,-0.982517017125446,-1.28816489554628,-0.437964275501119
1450,0.0180185055026808,-0.647477143726759,-0.693147180559945,-0.864997437486606,-0.834460713626523,-3.76617112841558,-1.16203411510561,-0.318453731118536,-0.133531392624525
1451,-0.0160003413464408,-0.911980380373033,-0.75313909118792,-0.334934957302327,-0.250716878218309,1.51217460700889,2.92316158071916,1.56218502758356,2.39253332965698
1457,0.03793122232341,-1.55801401006622,-0.988553685054307,-0.703023804055857,-0.790035181045487,-1.20744072952557,-0.957608881204886,-2.10274118550789,-0.916786886684631
1458,0.0327898228229916,-0.630756887960663,-1.65515115109905,-0.668656160551648,-1.02036009176836,-3.21337686228111,-0.672779877735511,-2.98396981792307,-0.849599357375482
1463,0.154150679827278,-1.9459101490553,-0.451985123743063,-1.74296930505862,-1.27296567581287,-3.78418963391825,-2.30258509299404,-1.31218638896616,-2.33075596996073
1468,-0.0307716586667578,-0.661398482245368,-0.29546421289384,-0.340926586970594,-0.611801541105996,-1.40946142040143,-0.523248143764555,-0.340926586970594,-0.466089729924607
1474,-0.0411182469294727,-1.12701176318981,1.34044797299447,-0.0219789067187751,-1.48608383172826,-1.78515333455094,-1.93241562609542,-1.29928298413026,-1.46975004138967
1478,-0.0340942113429757,0.681652801134211,-1.07423272919096,-0.244871107019974,0.480462760035872,-0.911655729370006,0.240636708761727,-0.526881014519288,1.24126858906963
1479,-0.0481493438975832,-1.28118294248664,-2.24156801749612,-1.92519743446894,-2.2046706281203,0.603150726726863,1.74361012533048,-1.38517265601069,0.118904740765585
1485,0.0643722839166742,-1.88873077898246,1.08130654157052,-0.493722591178041,-1.63309598971236,-1.71669189619463,-0.68814717014324,-0.615387815860812,0.666085258516988
1487,0.154150679827256,0.84729786038719,0.646627164925056,1.43508452528932,-3.67690326306722,1.79175946922805,-2.74237494364329,0.048790164169428,0.370373788296895
1488,0.122602322092331,-2.94747081574856,-1.5500144919633,-0.238411023445,-0.143100843640677,-2.98994633648695,-0.877070018720875,-0.810930216216332,-0.282862786015833
1491,0.05299253014051,-0.52491938684185,-1.37003384024811,-2.02814824729229,-0.0745686954975075,-0.688296726426195,-1.89679735220039,-1.84769252090987,-2.38994587130152
1500,-0.0414997309067542,-1.8400114202521,-1.7260903657202,1.40338879447919,-0.636487146994456,-1.37778367145198,-3.04371500933882,-2.74900777965088,-2.04275997504523
1501,0.0448505661653536,-1.2726147370481,-0.930228239717936,-1.39502804108864,-2.6098117615188,-2.84806636999456,-2.02653105853738,-1.05985930237088,-1.36412050362557
1502,-0.0202027073175199,-1.49267476467846,-1.08835578850092,-1.22916305315449,0.44183275227904,-2.62658925464323,2.18707220587221,-2.71685486346736,0.800777844752309
1506,-0.030153038170687,-0.0784716154414928,0.672944473242428,-3.01092243904796,-0.70329955202396,-1.81694971805661,-0.579818495252939,0.426084395310901,-0.251314428280904
1510,-0.00506330195654732,-0.499081807406157,1.81746782593826,-1.94952940743963,-2.14898417741636,-1.70012273709122,-2.25395988983709,0.734603894238291,-1.94045658163967
1512,-0.0540672212702788,0.117783035656382,0.251314428280903,-0.44183275227904,-1.30432077816022,-0.245122458032986,-1.52444469960071,0.0870113769896285,-0.82725710950376
1517,-0.101782694309941,-2.08211653212914,-1.17865499634165,-2.91661175957672,-1.96411085370216,-1.80359392687506,-2.56054406399362,-2.12140574077887,-2.47593797980524
1527,-0.0712275092883686,-1.92703709915589,-2.35520301303324,-1.81278957464951,0.106106505994548,-2.50099576245071,0.634498453478438,-0.213703157535123,-0.240442718577023
1532,0.175448677506194,-2.09087023750346,-1.35120304130862,-2.91465934189533,-1.02509359172295,0.896375422173212,-1.22445133566948,-1.58264539543752,-1.31791706367515
1541,-0.207888337765962,-2.07794640060889,-1.07305608948273,-1.76210770117794,-1.26464429638212,-1.76824478146965,-2.28692526685683,-2.59958615823596,-2.61631926552467
1542,0,-1.15745278869105,-1.14306405123895,-0.737598943130785,-2.99345695971686,-2.70197115502583,-2.18195710520544,0.788457360364263,-0.670157662335253
1543,-0.0477544312958994,0.0444517625708349,-1.58856949999935,1.34373474670109,-0.58415689685154,-2.86623002011645,-0.37605122290187,-1.3753652905877,-0.0320883145515002
1549,-0.0645385211375799,-1.56861591791386,-2.15176220325948,-1.91692261218207,-0.659245628884274,-3.69552399683262,-1.60943791243411,-1.85629799036564,-2.08774034449455
1558,0.0116960397631904,-0.393769068344974,-0.848957611805568,-1.04793080219197,-1.44417925519521,-1.76773281700739,-0.199613053904017,-0.634791059330692,-0.391806359177125
1560,0.0531686678806779,-1.32885035538881,0.639591076090983,-2.18237192248437,-1.04088260945987,-1.57720888163668,-1.56442700563363,-1.00599535045943,-1.20978114592168
1561,0.0765400771223301,-0.650129795476256,-1.58816051398682,-1.57952115139611,0.641853886172392,-0.328925030985831,1.41838267567139,-3.50413390920155,-1.33222713984962
1564,-0.101291334051099,0.698236250067415,-0.656967523982443,-2.00504067228214,-0.154875580185207,-0.00506330195654531,-0.700732551949202,-0.273624332961548,-0.775919466843808
1566,0,-1.98100146886656,-0.405465108108129,0,-1.7047480922384,-2.46385324059015,-2.46385324059015,-0.559615787935407,-1.50407739677626
1567,0.0312525435041052,-0.374212564604059,0.289392936855411,-1.60481184404532,-1.87455971262571,0.401626331801,-1.98927834978898,0.265703165733006,-2.23469051925616
1571,-0.167054084663151,-3.24755162484486,-1.45225232891168,-3.10336293774634,0.200670695462177,-4.26139864688525,-0.492476485097792,-3.07016486833675,-2.77258872223977
1578,0.0352149062910666,-1.81569223543968,-0.498991166118988,-2.44069078263796,-0.974755481628159,-1.76664866078615,-0.361851832118266,-1.32750628711076,-0.70176049823806
1579,-0.00461894585629397,0.344840486291729,-0.0927817334509659,0.0234202742080986,-0.555639639555783,-1.9396072587252,-1.5503167894263,-1.78284640886577,-1.97330912324343
1580,0,-0.636421199159168,-0.687617212550484,0.0260722403097751,-1.10593832876018,-1.52589644417091,-0.860342657941622,-0.981747948528799,-0.642240808212432
1582,-0.0178804252778483,-0.940731867033301,-1.11817905498639,0.451617002995296,0.205263126036361,-1.96884109011923,-1.42298411835524,-0.458989588523869,-1.73566174190319
1587,0.00990107098271066,-0.258948053135977,-0.52743567833161,0.137056246467958,-0.488912396335275,-0.208254938820459,0.35036134878188,0.585818160329447,0.364446088663618
1589,-0.0190481949706939,-1.26708302227012,-0.749236647210988,-2.13297091590717,0.265494157476419,0.993732657847634,-0.213481640402473,-1.38268207543398,-0.638812829596616
1592,-0.0723206615796253,-0.601579987034454,-1.65822807660353,-1.3609765531356,-0.0246926125903747,1.1239300966524,-0.318453731118531,-1.50407739677627,0.597837000755628
1595,0,-1.76557996364628,0.423060869998544,-1.95308259359651,-0.127213024095451,-1.89187368897058,-0.538350297156081,-0.663646516163248,-0.806614283750761
1596,0.0272631507583642,-1.61723142484766,0.0814699685947903,-1.71777687320288,0.666607625325333,-2.20856991782991,-0.663368305204334,-1.45194015409125,-0.580698303706977
1600,0.0321866864958993,2.56494935746153,-0.0223722977545341,-0.485159686970527,1.09409760831358,0.854867919247746,-0.570544858467614,0.125163142954006,-0.741721850708503
1601,0.0487901641694382,0.479573080261896,0.405465108108165,1.09861228866811,-2.26374525967777,-0.510825623765979,-2.38042757975797,-2.04307389750895,-1.54044504094714
1614,-0.00453515516538981,0.42381424677636,-0.452811228705363,-0.0269074529199239,0.337381741004053,-0.0313224711290412,0.48097266061631,-0.182321556793955,0.356674943938732
1625,0.0161728592456007,-0.34294475112683,-0.839629111147904,-1.47207949638628,-1.05022311361051,-0.51987545928591,-1.11803037452521,-2.30205019060098,-0.628252089620059
1626,-0.00699303549097142,-2.30922963571271,-0.491696453856996,-2.43760660291231,-0.882752090745008,-2.35120815882572,-1.07852892021343,0.218767176714411,-1.50758002732748
1627,0.0219789067187756,-2.1186473240002,-1.96958508208358,-1.8333265277341,-1.0509084907109,-1.59756648279338,0.693147180559944,-2.24242620121785,0.367379774084289
1628,-0.154150679827278,-1.64222773525711,-2.70805020110222,-1.76358859226137,-1.76358859226137,-2.77258872223979,-1.8971199848859,-2.81341071676005,-2.42774823594807
1629,0.102278849120419,-2.32646436678399,-0.97035795314443,-1.98749375823538,-0.0192578166044149,-0.764175017137266,-0.740613717798869,-1.69968479028188,-0.100347973834281
1630,0.0470349487049736,-0.0240331994441559,-0.877718457087915,0.372239460479845,-0.935563276995187,-1.01012562250016,-0.560387690714004,-1.28393234845832,-0.412646467516829
1636,0.0747474265078144,-0.321722118691772,0.158778175359306,-1.05037598770863,-0.575710345357081,-0.901219277181024,-1.40821304682754,-2.31003648665411,-1.22589149003358
1638,-0.0458095360312935,-0.661398482245365,0.227057450635345,0.575364144903565,-0.318453731118535,-2.77258872223978,-0.351976423157178,0.632522558743509,0.0645385211375724
1642,-0.0856554445784949,-1.93422777320096,-1.19908281903174,-2.45044424560182,1.07451473708905,-1.59634443568708,-0.129458067236887,-1.41237407390294,-0.335310121441035
1649,0.0343676435042063,-2.59262923841854,-1.63347111187826,-3.01281525471762,-0.968934465359579,-3.01115329654881,-0.932376869625781,-3.24106035086892,-1.41460599394578
1652,0.0577409946895167,0.11902142590753,0.823383677287616,-0.384341476656871,-0.0260601066698642,2.31253542384721,-0.191629042545201,0.877450898557892,-0.368486104867076
1654,0,-0.405465108108235,-0.405465108108235,0,-0.916290731874197,-2.44234703536929,0,-0.916290731874197,0
1655,-0.019960742562539,0.759838555058617,-0.358689043310434,0.133531392624521,0.200222767123194,-0.787357048498263,-0.324301701000959,0.255933374137201,0.0203673028244329
1658,0.0716724567242028,-0.183761441851941,-0.309770608545074,-0.615263523743102,-0.3752336493285,0.0145140428842547,-1.02797129155057,-0.434809381123943,-1.28317277171318
1662,0.0983109322435639,-1.41490729600337,-0.787776161427846,-1.47236896989113,0.816564033934587,-2.10212244912944,-0.136336443552131,-0.925981452512057,-0.80131274714538
1663,-0.0148591144037504,0.43124363943624,-0.610481274829818,-0.433025907687036,-1.48662728955468,3.03855227073692,-1.31253179222791,0.735967177742873,1.62148625095027
1664,0,-2.61624265184909,-1.86774537620598,-1.27506872600968,-1.26025364022453,-1.2299482907292,0.459532329378448,0.0540672212702598,-0.489548225318716
1665,0,-1.51477268589302,-0.0923733201310136,-1.50765521812415,0.255933374137201,-2.72932759954949,-1.16113264564944,-3.38821018613534,-1.77549894835627
1666,0,0.0555698511548116,-0.63367361592466,-0.632368984297996,-0.342072531272144,-0.696825909417407,-0.173271721274036,0.0148517581360266,-0.619228190736937
1669,-0.0161293819298833,-1.17844651098699,-0.457390542309965,-0.173702769034644,-0.0293746086799046,-2.2044253285218,-0.958217806625179,-1.09861228866811,-0.0161293819298833
1671,-0.0551864155672907,-0.129534052191902,0.744067270987201,-0.83813749098854,0.140648860393387,-0.632854950303825,-1.09505988706374,-0.0450682854017062,-1.31082157368675
1675,0.0185190477672358,-2.24499485360491,-0.646190197472174,-0.501608968661068,-0.0622423088772215,-1.35365743180687,0.225439763574558,-0.715823889230976,-3.50343375621422
1676,0.123869481712784,-0.601712974600312,-0.355703598549101,-0.471216485670944,-0.862439237063567,-2.03603733261624,-2.01813404112371,-1.87998370264289,-1.81416040591722
1681,0.0376455996163674,-1.14748064197711,-0.762140052046896,-0.709030226732948,-0.380526159760912,-0.579818495252942,-0.165347437809183,-2.22022031537538,-0.579818495252942
1682,0.0307716586667578,-4.30078371208099,-1.58489680351798,-1.20397280432594,-1.3710268889891,-2.78388827749372,-4.0713550439974,-3.3103217989257,-3.23927245277585
1684,-0.0339015516756785,-0.346276236717829,0.231801614057329,0.299242894852861,-1.02096135443804,-3.3022022598714,-3.73972005984654,-1.32862871927008,-2.57155876684921
1690,0.0124534610712861,2.95689244023772,-1.26680814319842,-0.78643010434843,0.589768826106109,-2.08929383812285,4.90280258929305,-0.592998581788629,2.10959457985053
1691,0.0181587350118713,0.26313577022776,-0.0203569370687445,0.675312312923912,0.499747538592836,-1.18633749251366,-0.792189578365809,-0.904395065351846,0.551933291763406
1692,-0.151806012868004,-3.37349477911282,-2.83994090426927,-2.91821369997635,0.304211374402998,-3.949981888761,-2.58244980409664,-3.30309642601713,-1.98495069825891
1697,0,-1.44691898293631,-4.18395672091177,-0.693147180559919,-0.916290731874134,-5.53733426701852,-3.23867845216436,-5.15329159449776,-2.65675690671464
1698,0.121771872217618,-2.43539966825682,0.881858535452675,-1.27880844614975,0.625429006504994,-2.95842056511663,-0.102809493866221,-2.75004348391872,-0.515908226829456
1700,-0.0104494158743409,-0.4533211292858,-0.216398163174678,1.59070687572804,-0.848497620579107,1.00063188030791,-0.471840177053037,-1.23520272313971,0.432076577333675
1706,-0.04052119740564,-2.56321274342162,-0.100083458556983,-1.77086602163978,0.255620139992118,-1.19982889182226,-0.432660850916655,-2.49457157303374,-0.681804903956011
1714,-0.0897287699661297,-1.42629969573359,-0.333552526517879,-0.892332543405905,-0.541374623137655,-2.41372479530367,-0.512456945498075,-2.56777111823023,-1.61837742747291
1716,0.0586248433475231,-0.123696713446431,-1.17947590212041,-0.253289542492026,-1.82615516530278,-0.802591871299175,-2.47507197060991,-1.63820173338496,-2.44126336005609
1717,-0.0402064204780413,-2.73069778053062,0.367724780125318,-1.35768382707863,0.982540117415355,-2.33983147184361,-1.29226541147161,-1.27521954419863,-1.73369566827329
1719,-0.096992265987309,-2.10402123009867,-0.75159077643002,-0.429856561232323,0.810930216216329,-2.73754907106721,-1.23137177851405,-2.226623552191,-1.18857711884796
1721,-0.0198588086496033,-0.116189917588035,0.216717252868682,-1.62648377970709,0.141339116693058,0.141339116693058,-0.243002359963813,-1.89940962526796,0.0439309292257274
1722,-0.0275879565188284,-0.51640443879303,0.00701757265864654,0.220815261554619,-1.4555203056763,-2.13965472551474,-1.40819725400411,-0.964969889771618,-1.37161842997056
1723,-0.0254790853009844,-1.79533729057594,-1.04939192444902,-0.603198943897006,-1.0768723020317,3.50298007597209,-0.644679545017724,-1.55871038892444,-1.14552323472237
1726,-0.0107643665871581,0.634306680537012,0.465683968101219,-1.42138568093116,-0.229185865770172,-1.67397643357167,-1.03609193168678,0.0556316959861493,-1.19941698779008
1728,-0.0772584831371315,-2.1042321022599,0.0793735875415118,0.040989344533197,0.0493927553295758,-2.5041316369904,-1.04921953333853,-1.92445383158692,-1.57262393931138
1733,0.0895051438680316,-2.14448828125528,0.906069177802618,-0.748115221637106,-0.726820395666533,-1.78660924325174,-2.36787247749906,-0.829030257859947,-2.39446473770158
1742,-0.0672522270091671,-1.95672106515953,1.06863145645618,-1.92899775095782,-0.832909122935104,-0.0733312730855493,-0.600984216984065,-1.83951390052395,-1.56770971033031
1748,0.0451204352804688,-1.67075433642271,-2.34222992434129,-2.09765698157118,-0.784438600769352,-2.96966003324422,-0.156249316484179,-1.92360439154102,-0.181095315070711
1750,0,-3.26129654075217,-2.81341071676005,-2.01490302054228,-1.17865499634166,-3.44468249360191,-3.34990408727462,-1.84582669049834,-2.86220088092948
1751,0.017544309650908,-1.99084788587908,-0.671168273841171,-0.496814886696394,-0.780520810768534,-2.13442367609719,-0.735706794978743,-1.89755467300401,-1.82033284167211
1757,0.00281294137661488,-1.79643019233861,1.35314215380299,-0.999267764601264,-0.0439631234211161,1.46821148358778,-0.0783126034357534,-0.9230096821229,-0.369236169811706
